cluster_id,display_id,rank_by_sv,is_noise,label_de,label_en,n_keywords,total_search_volume,median_search_volume,mean_kd,median_kd,mean_cpc_eur,mean_priority,pct_commercial,intent_dominant,top_keywords_by_sv,top_keywords_by_priority,top_terms,brief_title,brief_main_keyword,brief_secondary_keywords,brief_search_intent_text,brief_recommended_word_count,brief_target_audience,brief_pain_point,brief_article_goal,brief_h1,brief_h2_outline,brief_content_gaps,brief_benchmark_urls,brief_cta,brief_source_path,brief_md_path
10,11,1,false,HR-Verwaltungssoftware für KMU,HR Administration Software for SMEs,45,45567,262,52.5,52,6.47,16.9,89.0,commercial,dokumentenmanagement software | bewerbermanagement software | mitarbeiterverwaltung software | hr software kmu | gehaltsabrechnung software,dokumentenmanagement software | mitarbeiterverwaltung software | hr software kmu,bewerbermanagement | management | facility | vergleich | dokumentenmanagement | mitarbeiterverwaltung,HR-Verwaltungssoftware für KMU: Der ehrliche Vergleich für Entscheider,hr software kmu,mitarbeiterverwaltung software | bewerbermanagement software | dokumentenmanagement software | gehaltsabrechnung software | einsatzplanung software | aüg software,"commercial, mixed, Suchende vergleichen aktiv Lösungen und wollen eine Kaufentscheidung vorbereiten, suchen aber auch nach Orientierung welche Funktionen wirklich notwendig sind.",2800,"Geschäftsführer oder HR-Leitung in einem KMU mit 20 bis 250 Mitarbeitern, das bisher mit Excel, Papierordnern oder Insellösungen arbeitet und den Verwaltungsaufwand spürbar reduzieren will.","Die manuelle HR-Verwaltung frisst jede Woche Stunden, die niemand hat: Verträge liegen in verschiedenen Ordnern, Urlaubsanträge kommen per E-Mail, und beim nächsten Audit fehlen trotzdem Dokumente. Wer zusätzlich Zeitarbeit betreibt oder unter das AÜG fällt, hat noch eine Compliance-Schicht obendrauf, die mit Standardtools kaum abbildbar ist. Die Angst, bei einer Prüfung durch die Bundesagentur für Arbeit oder beim Datenschutz-Audit schlecht dazustehen, ist real und begründet.","Der Leser soll nach dem Lesen verstehen, welche Funktionen eine HR-Software für sein KMU wirklich braucht, welche Fallstricke Branchenlösungen gegenüber Generalistensoftware unterscheiden, und warum er eine Demo bei zvoove buchen sollte.",HR-Verwaltungssoftware für KMU: Welche Funktionen wirklich zählen und worauf Entscheider 2025 achten müssen,Warum Standard-HR-Software KMU oft überfordert oder unterversorgt | Die wichtigsten Funktionsblöcke im Überblick | Besondere Anforderungen in der Zeitarbeit und bei AÜG-Pflichten | Auswahlkriterien: So vergleichen Sie HR-Softwarelösungen seriös | Typische Fehler bei der Einführung und wie Sie sie vermeiden | Was eine integrierte Komplettlösung gegenüber Einzelmodulen bringt | Fazit und Entscheidungshilfe: Welcher Softwaretyp passt zu welchem KMU,"Personio ist Marktführer im KMU-Segment und rankt auf vielen dieser Keywords sehr stark, der Artikel zeigt wie Funktionstiefe und SEO kombiniert werden. | Sage adressiert direkt die Gehaltsabrechnungs- und Buchhaltungsschnittstelle, ein Thema das viele KMU-Entscheider als Hauptanforderung nennen. | Capterra liefert nutzernahe Vergleichsstruktur und zeigt welche Fragen Kaufinteressenten tatsächlich stellen, nützlich für Outline und Framing.","https://www.personio.de/hr-lexikon/hr-software-kmu/ — Personio ist Marktführer im KMU-Segment und rankt auf vielen dieser Keywords sehr stark, der Artikel zeigt wie Funktionstiefe und SEO kombiniert werden. | https://www.sage.com/de-de/blog/hr-software-vergleich/ — Sage adressiert direkt die Gehaltsabrechnungs- und Buchhaltungsschnittstelle, ein Thema das viele KMU-Entscheider als Hauptanforderung nennen. | https://www.capterra.com.de/blog/1244/hr-software-vergleich — Capterra liefert nutzernahe Vergleichsstruktur und zeigt welche Fragen Kaufinteressenten tatsächlich stellen, nützlich für Outline und Framing.","Demo buchen: Zeigen Sie Ihrem Team in 30 Minuten live, wie zvoove Mitarbeiterverwaltung, Bewerbermanagement, AÜG-Compliance und Einsatzplanung in einer Oberfläche abbildet, ohne Insellösungen und ohne Datenverlust zwischen den Modulen.",output/briefings/cluster_11.md,briefings/cluster_11.md
12,13,2,false,Zeitarbeit Software und Prozessmanagement,Temporary Work Software and Process Management,97,28301,131,36.5,35,3.45,7.4,34.0,mixed,zeitarbeit programm | zeitarbeit branche entwicklung | factoring zeitarbeit | crm zeitarbeit | lohnabrechnung zeitarbeit,zeitarbeit programm | zeitarbeit branche entwicklung | factoring zeitarbeit,zeiterfassung | factoring | lohnabrechnung | saas | pflege | dsgvo,Zeitarbeit Software 2025: Welche Tools Personaldienstleister wirklich brauchen,zeitarbeit programm,saas zeitarbeit | crm zeitarbeit | lohnabrechnung zeitarbeit | einsatzplanung zeitarbeit | zeiterfassung zeitarbeit | factoring zeitarbeit,"mixed, Entscheider in Zeitarbeitsunternehmen suchen sowohl nach Orientierung im Markt als auch nach konkreten Softwarelösungen für Disposition, Abrechnung und Compliance.",2800,"Geschäftsführer oder Niederlassungsleiter eines mittelständischen Personaldienstleisters mit 3 bis 25 internen Mitarbeitern, der merkt, dass Excel und Insellösungen das Wachstum bremsen.","Disposition, Lohnabrechnung und Kundenbetreuung laufen in drei verschiedenen Tools, die nicht miteinander sprechen, was zu Doppelarbeit, Fehleranfälligkeit und Compliance-Risiken führt. Monatliche Lohnabrechnungen für 200 Zeitarbeitnehmer kosten das Team mehr Zeit als die eigentliche Akquise. Wer wächst, merkt: Ohne integriertes System verliert man den Überblick über Stunden, Zuschläge, Branchenmindestlohn und Rechnungsstellung gleichzeitig.","Der Leser soll verstehen, welche Kernmodule eine Zeitarbeit-Software abdecken muss und warum eine integrierte Plattform gegenüber Insellösungen langfristig wirtschaftlicher ist, und dabei zvoove als konkrete Lösung in Betracht ziehen.",Zeitarbeit Software 2025: Welche Tools Personaldienstleister wirklich brauchen,"Warum das richtige Programm in der Zeitarbeit kein Nice-to-have ist | Die wichtigsten Funktionsmodule einer Zeitarbeit-Software im Überblick | Integrierte Plattform versus Insellösungen: Ein ehrlicher Vergleich | SaaS oder On-Premise: Was passt zur Zeitarbeitsbranche? | Factoring und Liquidität: Unterschätzter Baustein im Prozessmanagement | Branchenspezifische Anforderungen: Pflege, Handwerk und gewerbliche Arbeitnehmerüberlassung | So wählen Sie das richtige Zeitarbeit-Programm: 5 Kriterien, die entscheiden","Breiter Überblicksartikel mit hoher organischer Sichtbarkeit im Segment Personaldienstleistung | Haufe deckt Compliance-Themen und Lohnabrechnung aus Anwendersicht ab, starkes Domain-Authority-Signal | Direkter Wettbewerber mit produktnahem Content, zeigt wie Feature-Listen organisch ranken","https://www.jobware.de/ratgeber/personaldienstleister/zeitarbeit-software/ — Breiter Überblicksartikel mit hoher organischer Sichtbarkeit im Segment Personaldienstleistung | https://www.haufe.de/personal/hr-management/zeitarbeit-software_80_578792.html — Haufe deckt Compliance-Themen und Lohnabrechnung aus Anwendersicht ab, starkes Domain-Authority-Signal | https://www.pinpoint-software.de/blog/zeitarbeit-software — Direkter Wettbewerber mit produktnahem Content, zeigt wie Feature-Listen organisch ranken","Demo von zvoove buchen: Zeigen Sie mir, wie Disposition, Zeiterfassung und Lohnabrechnung in einer Plattform funktionieren, ohne drei Systeme gleichzeitig offen zu haben.",output/briefings/cluster_13.md,briefings/cluster_13.md
1,2,3,false,Zeiterfassungs- und Arbeitszeitverwaltung,Time Tracking and Work Hour Management,47,26159,149,47.6,43,6.47,9.3,94.0,commercial,zeiterfassung software | mobile zeiterfassung | zeitarbeitssoftware | roi zeitarbeit software | zeitarbeit software,zeitarbeitssoftware | zeiterfassung software | mobile zeiterfassung,zeiterfassung | cloud | mobile | dsgvo | zeitarbeitssoftware | lohnabrechnung,"Zeiterfassung in der Zeitarbeit: Software, Mobile Apps und ROI im Vergleich",zeiterfassung software zeitarbeit,mobile zeiterfassung app | zeitarbeitssoftware | lohnabrechnung software zeitarbeit | payroll software zeitarbeit | hr software zeitarbeit | preismodell zeitarbeit software | roi zeitarbeit software,"commercial, mixed, Nutzer vergleichen aktiv Lösungen und wollen verstehen, welche Software ihren konkreten Zeitarbeitsprozess abbildet und was sie kostet.",2800,"Geschäftsführer oder Niederlassungsleiter einer mittelständischen Zeitarbeitsfirma mit 5 bis 50 internen Mitarbeitern und 100 bis 1000 aktiven Zeitarbeitnehmern, der manuelle Stundenzettel und Excel-Chaos loswerden will.","Stundenzettel kommen zu spät, sind unleserlich oder gehen verloren, und die Lohnabrechnung verzögert sich jeden Monat aufs Neue. Gleichzeitig steigt der Druck durch Mindestlohnkontrollen und Arbeitszeitgesetz-Prüfungen: Fehler kosten Bußgelder, keine nachvollziehbare Dokumentation kostet im Zweifel den Kunden. Wer mehrere Niederlassungen oder Schichtmodelle verwaltet, verliert ohne eine zentrale Lösung schnell den Überblick darüber, welcher Mitarbeiter wann wo eingesetzt war.","Der Leser soll verstehen, welche Funktionen eine Zeiterfassungssoftware speziell für Zeitarbeit mitbringen muss, wie er den ROI berechnet und warum er eine integrierte Lösung einer Insellösung vorziehen sollte, und dann eine Demo anfragen oder eine Testversion starten.","Zeiterfassung in der Zeitarbeit: Worauf es bei Software, mobilen Apps und dem ROI wirklich ankommt","Warum Standard-Zeiterfassung für Zeitarbeit nicht reicht | Kernfunktionen, die eine Zeiterfassungssoftware für Zeitarbeit braucht | Mobile Zeiterfassung: App vs. Browser vs. Terminal | Integration mit Lohnabrechnung und HR: Warum Insellösungen teuer werden | ROI einer Zeiterfassungssoftware konkret berechnen | Preismodelle im Überblick: Was Zeitarbeitsfirmen wirklich zahlen | Auswahlkriterien und typische Fehler beim Software-Kauf","direkte Kategorienseite eines bekannten Zeiterfassungsanbieters mit Fokus auf Zeitarbeit, hohe Sichtbarkeit für generische Keywords | gut verlinkter Ratgeberartikel eines etablierten HR-Software-Anbieters, rankt für mehrere Nebenkeywords | Wettbewerber mit spezifischer Landingpage für Zeitarbeit, zeigt welche Feature-Argumente in diesem Segment funktionieren","https://www.clockodo.com/de/zeiterfassung-zeitarbeit/ — direkte Kategorienseite eines bekannten Zeiterfassungsanbieters mit Fokus auf Zeitarbeit, hohe Sichtbarkeit für generische Keywords | https://www.sage.com/de-de/blog/zeiterfassung-software/ — gut verlinkter Ratgeberartikel eines etablierten HR-Software-Anbieters, rankt für mehrere Nebenkeywords | https://www.timetac.com/de/zeiterfassung/zeitarbeit/ — Wettbewerber mit spezifischer Landingpage für Zeitarbeit, zeigt welche Feature-Argumente in diesem Segment funktionieren","Kostenlose Demo von zvoove anfragen: 30 Minuten Live-Demo zeigen, wie Zeiterfassung, Disposition und Lohnabrechnung in einer Plattform zusammenspielen, inklusive mobilem Stundenzettel und automatischer Freigabe durch das Kundenunternehmen.",output/briefings/cluster_02.md,briefings/cluster_02.md
7,8,4,false,Digitalisierung Personaldienstleistungen und KI,Digital Transformation of HR Services and AI,37,23984,167,35.5,32,3.37,16.8,35.0,mixed,digitalisierung zeitarbeit | digitalisierung personaldienstleistung | künstliche intelligenz personaldienstleistung | digitale zeiterfassung | elektronische lohnabrechnung,digitalisierung zeitarbeit | digitalisierung personaldienstleistung | künstliche intelligenz personaldienstleistung,digital | digitalisierung | lohnabrechnung | digitale | datenschutz | personalakte,Digitalisierung in der Personaldienstleistung: Was wirklich zählt und was Zeitarbeitsunternehmen jetzt umsetzen müssen,digitalisierung personaldienstleistung,digitalisierung zeitarbeit | künstliche intelligenz personaldienstleistung | digitale personalakte | digitale lohnabrechnung | elektronische lohnabrechnung | revisionssichere archivierung | datenschutz personaldienstleister,"mixed, Entscheider recherchieren konkrete Digitalisierungsmaßnahmen mit Blick auf Effizienz und Compliance, ein Teil sucht aktiv nach Software.",2800,"Geschäftsführer oder IT-verantwortliche Niederlassungsleiter eines mittelständischen Zeitarbeitsunternehmens mit 5 bis 50 internen Mitarbeitern, das zwischen 200 und 2000 Zeitarbeitnehmer disponiert.

---","Papierbasierte Prozesse bei Stundenerfassung, Lohnabrechnung und Personalakte kosten jeden Monat Stunden, die für Neugeschäft fehlen. Gleichzeitig drohen bei einer Betriebsprüfung durch Zoll oder Rentenversicherung empfindliche Bußgelder, wenn Belege nicht GoBD-konform archiviert sind. Der Druck wächst, aber unklar ist, wo man anfängt, ohne den laufenden Betrieb zu gefährden.

---","Der Leser soll nach der Lektüre wissen, welche fünf Digitalisierungsfelder in der Personaldienstleistung den größten ROI bringen, welche Compliance-Anforderungen dabei zwingend erfüllt sein müssen, und warum eine integrierte Branchenlösung besser funktioniert als ein Flickenteppich aus Einzeltools.

---",Digitalisierung in der Personaldienstleistung: Die 5 Bereiche mit dem größten Hebel,"Warum Zeitarbeitsunternehmen bei der Digitalisierung oft stecken bleiben | Feld 1: Digitale Zeiterfassung und Stundennachweis | Feld 2: Elektronische Lohnabrechnung und digitale Personalakte | Feld 3: Datenschutz und Datensicherheit bei Personaldienstleistern | Feld 4: KI in der Personaldienstleistung: Wo sie heute schon hilft | Feld 5: Branchenspezifische Besonderheiten, Gebäudereinigung als Beispiel | Integrierte Branchenlösung vs. Einzeltools: Eine ehrliche Abwägung | Fazit: Digitalisierungsfahrplan für Zeitarbeitsunternehmen in drei Phasen","starke Domain, generalistischer Überblick, kaum Compliance-Tiefe, gut zu übertreffen durch operative Konkretheit | Branchenverband IGZ, wird von Zielgruppe als Referenz genutzt, zeigt welche Themen die Community bewegen | rankt für digitale Personalakte, starke Autorität, aber nicht auf Zeitarbeit spezialisiert, Lücke für branchenspezifischen Inhalt vorhanden","https://www.haufe.de/personal/hr-management/digitalisierung-in-der-zeitarbeit — starke Domain, generalistischer Überblick, kaum Compliance-Tiefe, gut zu übertreffen durch operative Konkretheit | https://www.igz.de/themen/digitalisierung — Branchenverband IGZ, wird von Zielgruppe als Referenz genutzt, zeigt welche Themen die Community bewegen | https://www.datev.de/web/de/datev-magazin/unternehmen/personalwirtschaft/elektronische-personalakte — rankt für digitale Personalakte, starke Autorität, aber nicht auf Zeitarbeit spezialisiert, Lücke für branchenspezifischen Inhalt vorhanden","Demo anfragen: ""Sehen Sie in einer 30-minütigen Live-Demo, wie zvoove die digitale Personalakte, Zeiterfassung und Lohnabrechnung in einem System abbildet und dabei GoBD- sowie DSGVO-Anforderungen erfüllt.""",output/briefings/cluster_08.md,briefings/cluster_08.md
3,4,5,false,Zvoove Softwareprodukte und Features,Zvoove Software Products and Features,34,23604,99,52.2,51,6.44,11.2,97.0,commercial,zvoove referenzen | zvoove dms | zvoove cockpit | zvoove payroll | zvoove cashlink,zvoove referenzen | zvoove cashlink | zvoove dms,zvoove | payroll | cashlink | preise | erfahrungen | cockpit,"zvoove im Überblick: Alle Module, Features und echte Kundenstimmen",zvoove one,zvoove dms | zvoove cockpit | zvoove payroll | zvoove cashlink | zvoove recruit | zvoove referenzen | zvoove kunden | zvoove alternative | zvoove integration datev,"commercial, mixed — Suchende kennen zvoove bereits oder evaluieren es aktiv als Lösung für ihre Personaldienstleistung und wollen Funktionsumfang, Kundennachweise und Abgrenzung zu Alternativen verstehen.",2800,"Geschäftsführer oder IT-verantwortliche Führungskraft in einer mittelständischen Zeitarbeits- oder Personalvermittlungsagentur mit 20 bis 200 Mitarbeitern, die eine neue ERP-Lösung evaluiert oder die bestehende Software ablösen will.","Die aktuelle Software-Landschaft ist fragmentiert: Lohnabrechnung läuft in einem Tool, Bewerberverwaltung in einem anderen, Dokumentenmanagement in Excel-Ordnern. Jede Schnittstellenlösung kostet Zeit, erzeugt Fehler und macht Audits zur Qual. Der Entscheider weiß nicht, ob eine Plattform wie zvoove wirklich alle Prozesse abdeckt oder nur eine weitere Insellösung ist.","Der Leser soll nach dem Lesen den vollständigen Funktionsumfang von zvoove One kennen, verstehen wie die einzelnen Module zusammenspielen und genug Vertrauen aufgebaut haben, um eine Demo anzufragen oder einen Vertriebskontakt aufzunehmen.","zvoove One: Alle Module, Features und was echte Kunden sagen","Was ist zvoove One und für wen ist es gebaut | Die zvoove Module im Detail | Integrationen: zvoove und DATEV, plus weitere Schnittstellen | zvoove Referenzen und Kundenstimmen | zvoove Alternative: Wann lohnt sich der Vergleich | Implementierung und Support: Was Neukunden erwartet | Fazit und nächste Schritte","Offizielle Produktseite als Referenz für Modulbeschreibungen und aktuelle Positionierung | Nutzerbewertungen auf G2, relevant für den Abschnitt Referenzen und Glaubwürdigkeit | Capterra-Profil mit Kundenstimmen und Vergleichsfunktion, direkt relevant für den Alternativenvergleich","https://www.zvoove.com/loesungen — Offizielle Produktseite als Referenz für Modulbeschreibungen und aktuelle Positionierung | https://www.g2.com/products/zvoove/reviews — Nutzerbewertungen auf G2, relevant für den Abschnitt Referenzen und Glaubwürdigkeit | https://www.capterra.com/p/zvoove — Capterra-Profil mit Kundenstimmen und Vergleichsfunktion, direkt relevant für den Alternativenvergleich","Demo-Anfrage direkt auf zvoove.com buchen: Leser werden am Ende des Artikels aufgefordert, sich für eine 30-minütige Produktdemo zu registrieren, in der ein zvoove-Berater die für ihre Unternehmensgröße relevanten Module live zeigt.",output/briefings/cluster_04.md,briefings/cluster_04.md
8,9,6,false,Liquidität und Tarifkosten Zeitarbeit,Liquidity Management and Wage Tariffs,34,15571,157,33.3,33,2.49,12.9,18.0,informational,debitorenmanagement | equal pay zeitarbeit | zahlungsausfall absichern | liquidität zeitarbeit | tariflandschaft zeitarbeit,debitorenmanagement | equal pay zeitarbeit | igz tarifvertrag aktuell,kosten | equal | tarifvertrag | factoring | liquidität | aktuell,"Liquidität sichern in der Zeitarbeit: Debitorenmanagement, Tarifkosten und Equal Pay im Griff",liquidität zeitarbeit,debitorenmanagement zeitarbeit | equal pay zeitarbeit | igz tarifvertrag aktuell | bap tarif aktuell | zahlungsausfall absichern | zahlungsziele kunden | tariflandschaft zeitarbeit,"mixed, Zeitarbeitsunternehmen suchen gleichzeitig nach Orientierungswissen zu Tarifpflichten und nach konkreten Lösungen für offene Forderungen und Liquiditätsengpässe.",2800,"Geschäftsführer oder kaufmännische Leiter eines unabhängigen Zeitarbeitsunternehmens mit 20 bis 150 Mitarbeitern, das monatlich fünf bis zwanzig Kundenfakturierungen verwaltet und keinen dedizierten Credit-Manager hat.","Zeitarbeitsunternehmen strecken Lohn- und Tarifkosten vor, kassieren aber erst 30 bis 60 Tage später, was den Cashflow strukturell unter Druck setzt. Gleichzeitig steigen die Tarifkosten durch Equal-Pay-Fristen und aktuelle IGZ- und BAP-Anpassungen, ohne dass Kundenpreise sofort angepasst werden können. Fällt ein Kunde mit einer großen offenen Rechnung aus, ist die Liquidität des gesamten Betriebs in Gefahr.","Der Leser soll verstehen, wie die drei Hebel Debitorenmanagement, Tarifeinhaltung und Zahlungszielpolitik zusammenhängen, und konkrete Maßnahmen mitnehmen, mit denen er seine Liquidität ab sofort stabiler aufstellt.","Liquidität in der Zeitarbeit: Wie du Tarifkosten, Equal Pay und offene Forderungen unter Kontrolle hältst","Warum Zeitarbeit ein strukturelles Liquiditätsproblem hat | Die aktuelle Tariflandschaft: IGZ und BAP auf einen Blick | Equal Pay in der Zeitarbeit: Pflicht, Berechnung und Fallstricke | Debitorenmanagement für Zeitarbeitsunternehmen | Zahlungsausfall absichern: Instrumente und Kosten im Vergleich | Lohnsteuer und Abgaben: Was Zeitarbeitsunternehmen bei der Liquiditätsplanung übersehen | Praktische Checkliste: Liquiditätssteuerung Monat für Monat","Offizielle IGZ-Tarifseite, zeigt Suchintention hinter ""igz tarifvertrag aktuell"" und setzt den inhaltlichen Standard für Tarifinformationen | Haufe-Artikel zu Equal Pay, hohe Autorität, oft zitiert, zeigt welche Detailtiefe Suchende erwarten | Erklärt Factoring als Liquiditätsinstrument speziell für Zeitarbeit, direkter Wettbewerber im Themenfeld Zahlungsausfall absichern","https://www.igz.de/tarifvertraege/ — Offizielle IGZ-Tarifseite, zeigt Suchintention hinter ""igz tarifvertrag aktuell"" und setzt den inhaltlichen Standard für Tarifinformationen | https://www.haufe.de/personal/entgelt/equal-pay-in-der-arbeitnehmerueberlassung_78_571706.html — Haufe-Artikel zu Equal Pay, hohe Autorität, oft zitiert, zeigt welche Detailtiefe Suchende erwarten | https://www.factoring.de/factoring-fuer-zeitarbeit/ — Erklärt Factoring als Liquiditätsinstrument speziell für Zeitarbeit, direkter Wettbewerber im Themenfeld Zahlungsausfall absichern","Fordere eine kostenlose Demo von zvoove an und sieh, wie automatisiertes Debitorenmanagement und integrierte Tarifverwaltung deinen Cashflow-Überblick in Echtzeit verbessern.",output/briefings/cluster_09.md,briefings/cluster_09.md
4,5,7,false,Personalgewinnung und Bewerbermanagement Catch-all,Talent Acquisition and Applicant Management Catch-all,32,14455,176,34.1,35,2.58,13.8,22.0,mixed,aüg | bewerber finden | lohnabrechnung sage | indeed alternative | offboarding prozess,aüg | bewerber finden | lizenzmodell saas,lohnabrechnung | stellenanzeige | alternative | erstellen | bewerber | finden,"Bewerber finden, verwalten, abrechnen: Der vollständige Leitfaden für Personaldienstleister",bewerber finden,indeed alternative | stellenanzeige schalten | offboarding prozess | aüg | lohnabrechnung erstellen | lizenzmodell saas,"mixed, der Cluster vereint frühe Recherchephasen (wie finde ich Bewerber, wie schalte ich Stellenanzeigen) mit konkretem Kaufinteresse an Software-Alternativen und Abrechnungslösungen.",2800,"Niederlassungsleiter oder HR-Verantwortlicher in einem mittelständischen Zeitarbeitsunternehmen oder einer Personalvermittlung mit 10 bis 80 Mitarbeitenden, der aktuell mit Insellösungen arbeitet und den gesamten Prozess von der Stellenanzeige bis zur Lohnabrechnung konsolidieren will.","Offene Stellen bleiben wochenlang unbesetzt, weil Stellenanzeigen manuell auf mehreren Portalen gepflegt werden und Bewerbungen in E-Mail-Postfächern verschwinden. Die Lohnabrechnung läuft parallel in einer Legacy-Software wie Sage oder Addison, die schlecht mit dem Bewerbermanagement kommuniziert, was zu Doppelerfassungen und Fehlerquellen führt. Gleichzeitig steigt der Druck durch AÜG-Compliance, Equal Pay und Dokumentationspflichten, die bei fragmentierten Systemen kaum revisionssicher abzubilden sind.","Der Leser soll verstehen, warum ein integrierter Ansatz aus Multiposting, Bewerbermanagement und Lohnabrechnung in einer Plattform die operativen Kosten senkt und gleichzeitig die AÜG-Compliance sichert, und er soll eine Demo oder ein Beratungsgespräch mit zvoove anfragen.","Bewerber finden, verwalten, abrechnen: Wie Personaldienstleister den gesamten Recruiting-Prozess ohne Systembrüche abbilden",Warum Bewerber finden heute schwieriger ist als vor fünf Jahren | Stellenanzeige schalten: Multiposting statt Einzelaufwand | Bewerbermanagement: Von der Erstkontakt bis zur Vermittlung | AÜG-Compliance im Bewerberprozess nicht vergessen | Lohnabrechnung erstellen: Wo Legacy-Software wie Sage oder Addison an Grenzen stößt | Offboarding Prozess: Der unterschätzte Schlusspunkt im Personalzyklus | Integrierte Plattform vs. Insellösungen: Eine ehrliche Kosten-Nutzen-Betrachtung,"rankender Ratgeberartikel zu Bewerberfindung mit hoher Domainautorität, zeigt welche Informationstiefe Google erwartet | praxisnaher Artikel zum Stellenanzeige schalten, direkt im Wettbewerb um transaktionale Keywords | Artikel einer Recruiting-Plattform zu Indeed-Alternativen, zeigt wie Wettbewerber kommerzielles Intent mit Content abfangen","https://www.haufe.de/personal/hr-management/bewerber-finden_80_576682.html — rankender Ratgeberartikel zu Bewerberfindung mit hoher Domainautorität, zeigt welche Informationstiefe Google erwartet | https://www.jobware.de/content/ratgeber/stellenanzeige-schalten/ — praxisnaher Artikel zum Stellenanzeige schalten, direkt im Wettbewerb um transaktionale Keywords | https://www.tenhil.de/blog/indeed-alternative/ — Artikel einer Recruiting-Plattform zu Indeed-Alternativen, zeigt wie Wettbewerber kommerzielles Intent mit Content abfangen","Jetzt kostenlose Demo von zvoove vereinbaren und live sehen, wie Multiposting, Bewerbermanagement, AÜG-Dokumentation und Lohnabrechnung in einer Plattform zusammenspielen, ohne Doppelerfassung und ohne Systembrüche.",output/briefings/cluster_05.md,briefings/cluster_05.md
11,12,8,false,Arbeitnehmerüberlassung Recht und Compliance,Employee Leasing Law and Compliance,44,14429,154,30.7,30,1.81,9.2,2.0,informational,arbeitnehmerüberlassung | arbeitnehmerüberlassungsgesetz | einkommensteuer zeitarbeit | arbeitsschutz zeitarbeit | arbeitgeberanteile sozialversicherung,arbeitnehmerüberlassungsgesetz | arbeitnehmerüberlassung | arbeitsmarkt 2026,arbeitsvertrag | arbeitsmarkt | arbeitnehmerüberlassung | sozialversicherung | employer | branding,"Arbeitnehmerüberlassung: Rechtliche Pflichten, Fallstricke und was Zeitarbeitsunternehmen 2025 wirklich wissen müssen",Arbeitnehmerüberlassung,Arbeitnehmerüberlassungsgesetz | Arbeitsschutz Zeitarbeit | Arbeitszeitkonto führen | Disposition Zeitarbeitnehmer | Arbeitgeberanteile Sozialversicherung | Equal Pay Zeitarbeit | Überlassungshöchstdauer,"mixed, weil Suchanfragen zwischen Grundlagenverständnis (informational) und konkretem Handlungsbedarf beim Aufbau oder Betrieb eines Zeitarbeitsunternehmens (commercial) wechseln.",2800,"Niederlassungsleiter oder Geschäftsführer eines mittelständischen Personaldienstleisters mit 50 bis 500 aktiven Zeitarbeitnehmern, der entweder eine Betriebsprüfung erwartet oder seine Dispositions- und Abrechnungsprozesse auf rechtssicheren Stand bringen will.","Die Rechtslage zur Arbeitnehmerüberlassung ändert sich regelmäßig, und ein einziger Verstoß gegen Überlassungshöchstdauer oder Equal-Pay-Regelungen kann empfindliche Bußgelder und den Verlust der Erlaubnis bedeuten. Gleichzeitig kämpft die Disposition täglich damit, Einsätze, Arbeitszeitkonten und Sozialversicherungspflichten parallel im Blick zu behalten, ohne dass das vorhandene Tool das wirklich abbildet. Viele Unternehmen merken erst bei einer Prüfung durch die Bundesagentur für Arbeit, wo ihre Dokumentation Lücken hat.","Der Leser soll nach dem Lesen die zentralen Compliance-Pflichten nach dem AÜG kennen, typische Fehlerquellen in Disposition und Abrechnung einordnen können und verstehen, warum eine integrierte Software diese Risiken strukturell reduziert.","Arbeitnehmerüberlassung: Rechtliche Pflichten, Fallstricke und was Zeitarbeitsunternehmen 2025 wirklich wissen müssen","Was das Arbeitnehmerüberlassungsgesetz konkret verlangt | Arbeitsschutz in der Zeitarbeit: Wer haftet wirklich | Arbeitszeitkonten richtig führen: Pflicht, nicht Kür | Arbeitgeberanteile Sozialversicherung: Was Zeitarbeitsunternehmen besonders beachten müssen | Disposition und Compliance zusammendenken | Was die Betriebsprüfung wirklich prüft | Fazit: Compliance ist kein Einmalproject, sondern ein Prozess","Hohe Autorität, rankt auf breiten AÜG-Begriffen, zeigt welche Tiefe Google hier erwartet | Branchenverband mit sehr spezifischen Rechtsinformationen, direkte Konkurrenz um informational Traffic aus der Zeitarbeitsbranche | Offizielle Quelle, auf die viele Artikel verlinken, Pflichtlektüre für Gap-Analyse der eigenen Inhalte","https://www.haufe.de/personal/hr-management/arbeitnehmerueberlassung-gesetz-regelungen_80_484106.html — Hohe Autorität, rankt auf breiten AÜG-Begriffen, zeigt welche Tiefe Google hier erwartet | https://www.igz.de/themen/recht/aeueg/ — Branchenverband mit sehr spezifischen Rechtsinformationen, direkte Konkurrenz um informational Traffic aus der Zeitarbeitsbranche | https://www.bundesagentur.de/arbeitnehmerueberlassung — Offizielle Quelle, auf die viele Artikel verlinken, Pflichtlektüre für Gap-Analyse der eigenen Inhalte","Lade dir die zvoove Compliance-Checkliste für Zeitarbeitsunternehmen herunter oder buche eine Live-Demo, um zu sehen, wie zvoove Recruit und zvoove Workforce Überlassungshöchstdauer, Arbeitszeitkonten und Equal-Pay-Fristen automatisch überwachen.",output/briefings/cluster_12.md,briefings/cluster_12.md
6,7,9,false,Personaleinsatzplanung und Verwaltung,Personnel Scheduling and Administration,34,12386,121,36.8,35,2.82,8.9,32.0,mixed,personaleinsatzplanung | personalakte inhalt | gehaltsabrechnung outsourcing | azubi verwaltung | karriereseite erstellen,personaleinsatzplanung | karriereseite erstellen | personalakte inhalt,personalakte | bewerbermanagement | lohnabrechnung | personaleinsatzplanung | inhalt | gehaltsabrechnung,"Personaleinsatzplanung für Personaldienstleister: Software, Kennzahlen und smarte Verwaltung im Überblick",Personaleinsatzplanung,SaaS Personaldienstleister | Kennzahlen Personaldienstleister | Lohnabrechnung Personaldienstleister | Gehaltsabrechnung Outsourcing | KI Bewerbermanagement | Personalakte Inhalt | Factoring Personaldienstleister,"mixed, Nutzer suchen teils nach Grundlagenwissen zur Einsatzplanung, teils konkret nach Software und Dienstleistungen zur Umsetzung.",2800,"Geschäftsführer oder Niederlassungsleiter eines Personaldienstleisters mit 10 bis 100 internen Mitarbeitern, der manuelle Prozesse in der Disposition und Verwaltung durch Software ersetzen will.","Der Disponent jongliert täglich Schichtpläne, Krankmeldungen und Kundenanfragen in Excel oder per Telefon, was zu Fehlern, Doppelbelegungen und verpassten Aufträgen führt. Gleichzeitig wächst der Verwaltungsaufwand durch Dokumentationspflichten, korrekte Personalakten und fristgerechte Lohnabrechnungen, ohne dass das interne Team mitwächst. Wer hier keine durchgängige Softwarelösung einsetzt, verliert sowohl Marge als auch Wettbewerbsfähigkeit gegenüber digitalisierten Wettbewerbern.","Der Leser soll verstehen, welche Kernprozesse der Personaleinsatzplanung und Verwaltung sich mit moderner SaaS-Software automatisieren lassen, und den nächsten Schritt in Richtung zvoove Demo oder Beratungsgespräch gehen.",Personaleinsatzplanung für Personaldienstleister: So funktioniert effiziente Verwaltung mit der richtigen Software,"Was Personaleinsatzplanung in der Zeitarbeit wirklich bedeutet | Pflichtinhalte der Personalakte: Was Personaldienstleister wissen müssen | Lohnabrechnung und Gehaltsabrechnung im Personaldienstleistungskontext | Kennzahlen, die Personaldienstleister wirklich steuern müssen | KI im Bewerbermanagement und in der Disposition | SaaS für Personaldienstleister: Worauf bei der Softwareauswahl achten | Fazit und nächste Schritte: So starten Personaldienstleister mit digitaler Einsatzplanung","Rankt auf generische Personaleinsatzplanungs-Keywords mit Grundlageninhalt, zeigt welche Tiefe Google für dieses Thema erwartet | Hochautoritäre Fachseite mit breiter Abdeckung des Themas, setzt den inhaltlichen Mindeststandard | Direkter SaaS-Wettbewerber im HR-Softwareumfeld mit produktnahem Artikel, zeigt kommerzielle Positionierung","https://www.sage.com/de-de/blog/personaleinsatzplanung/ — Rankt auf generische Personaleinsatzplanungs-Keywords mit Grundlageninhalt, zeigt welche Tiefe Google für dieses Thema erwartet | https://www.haufe.de/personal/hr-management/personaleinsatzplanung_80_504854.html — Hochautoritäre Fachseite mit breiter Abdeckung des Themas, setzt den inhaltlichen Mindeststandard | https://www.bite.de/blog/personaleinsatzplanung-software/ — Direkter SaaS-Wettbewerber im HR-Softwareumfeld mit produktnahem Artikel, zeigt kommerzielle Positionierung","Leser werden eingeladen, eine kostenlose Demo von zvoove zu vereinbaren, bei der ein Berater live zeigt, wie Disposition, Lohnabrechnung und Kennzahlen-Cockpit in einer Plattform zusammenspielen.",output/briefings/cluster_07.md,briefings/cluster_07.md
2,3,10,false,KI-gestützte Recruiting-Automatisierung,AI-Powered Recruiting Automation,34,12075,152,37.2,38,3.28,10.4,44.0,mixed,ki recruiting | recruiting software | recruiting plattform | automatisierung recruiting prozess | active sourcing tools,ki recruiting | candidate experience verbessern | automatisierung recruiting prozess,recruiting | sourcing | tool | chatbot | candidate | konkurrenz,KI im Recruiting: So automatisieren Personaldienstleister ihren gesamten Recruiting-Funnel,ki recruiting,recruiting automatisieren | recruiting software | recruiting plattform | recruiting tool zeitarbeit | automatisierung recruiting prozess | applicant tracking system deutsch | active sourcing tools,"mixed, weil ein Teil der Suchenden noch evaluiert ob KI-Recruiting sinnvoll ist, während ein anderer Teil bereits konkrete Software vergleicht.",2800,"Niederlassungsleiter oder Recruiting-Verantwortliche in einem Personaldienstleistungsunternehmen mit 5 bis 50 Mitarbeitern, der täglich offene Stellen besetzen muss und merkt, dass manuelle Prozesse nicht mehr skalieren.","Die Anforderungslage steigt, aber das Team bleibt gleich groß: Hunderte Bewerbungen landen im Posteingang, Active Sourcing läuft noch per Hand über LinkedIn, und Kandidaten springen ab, weil niemand schnell genug antwortet. Gleichzeitig wächst der Druck von Kundenunternehmen, Vakanzen in kürzerer Zeit zu besetzen. Wer zu langsam ist, verliert den Auftrag an die Konkurrenz.","Der Leser soll verstehen, welche konkreten Schritte im Recruiting-Funnel sich heute mit KI automatisieren lassen, und danach in der Lage sein, eine fundierte Kaufentscheidung für eine passende Recruiting-Software zu treffen.",KI im Recruiting: So automatisieren Personaldienstleister ihren gesamten Recruiting-Funnel,"Warum manuelle Recruiting-Prozesse in der Zeitarbeit nicht mehr funktionieren | Was KI im Recruiting konkret bedeutet, und was nicht | Die fünf Stufen des Recruiting-Funnels und wo Automatisierung greift | Applicant Tracking System auf Deutsch: Worauf Personaldienstleister achten müssen | Active Sourcing Tools im Vergleich: Was bringt wirklich Ergebnisse | So sieht ein automatisierter Recruiting-Funnel in der Praxis aus | Checkliste: Ist Ihre Organisation bereit für KI-gestütztes Recruiting","etablierter HR-Publisher mit hoher Domain Authority, rankt auf mehrere der Nebenkeywords und definiert die inhaltliche Messlatte für informational Intent | direkter Software-Wettbewerber mit starkem Content-Marketing, zeigt wie SaaS-Anbieter Funnel-Inhalte für Kaufinteressenten aufbauen | Marktführer im DACH-HR-SaaS-Bereich, dominiert Lexikon-Keywords rund um ATS und gibt das SEO-Benchmarkniveau für strukturierte Definitionen vor","https://www.haufe.de/personal/hr-management/ki-im-recruiting_80_590900.html — etablierter HR-Publisher mit hoher Domain Authority, rankt auf mehrere der Nebenkeywords und definiert die inhaltliche Messlatte für informational Intent | https://www.recruitee.com/de/artikel/recruiting-automatisierung — direkter Software-Wettbewerber mit starkem Content-Marketing, zeigt wie SaaS-Anbieter Funnel-Inhalte für Kaufinteressenten aufbauen | https://www.personio.de/hr-lexikon/applicant-tracking-system/ — Marktführer im DACH-HR-SaaS-Bereich, dominiert Lexikon-Keywords rund um ATS und gibt das SEO-Benchmarkniveau für strukturierte Definitionen vor","Demo buchen: Zeigen Sie Ihrem Team in 30 Minuten live, wie zvoove Recruit KI-gestütztes Screening, automatische Stellendistribution und ATS-Funktionen speziell für Personaldienstleister in einem System vereint.",output/briefings/cluster_03.md,briefings/cluster_03.md
5,6,11,false,Zeitarbeit Regulierung und Markttrends,Temporary Work Regulation and Market Trends,20,11462,156,33.0,32,2.02,17.6,5.0,informational,höchstüberlassungsdauer | fachkräftemangel deutschland | gig economy deutschland | gesetzliche abzüge lohn | markt zeitarbeit deutschland,fachkräftemangel deutschland | höchstüberlassungsdauer | gig economy deutschland,deutschland | erlaubnis | höchstüberlassungsdauer | überlassungsvertrag | statistik | fachkräftemangel,"Zeitarbeit in Deutschland 2025: Regulierung, Marktdaten und was Personaldienstleister jetzt wissen müssen",markt zeitarbeit deutschland,höchstüberlassungsdauer | AÜG Statistik Meldung | Sanktionen AÜG Verstoß | Überlassungsvertrag Inhalt | Ranking Zeitarbeitsfirmen Deutschland | Fachkräftemangel Deutschland Zeitarbeit,"mixed, Personalverantwortliche und Geschäftsführer in Zeitarbeitsunternehmen suchen sowohl Marktüberblick als auch konkrete Compliance-Orientierung, bevor sie operative Entscheidungen treffen.",2800,"Geschäftsführer oder Niederlassungsleiter eines mittelständischen Personaldienstleisters mit 50 bis 500 aktiven Zeitarbeitnehmern, der den eigenen Marktanteil einordnen und gleichzeitig AÜG-Risiken im Griff behalten will.","Der Markt verändert sich schneller als die internen Prozesse: Neue Tarifverträge, schwankende Nachfrage durch Konjunkturflaute und der steigende Druck durch AÜG-Prüfungen lassen kaum Planungssicherheit. Gleichzeitig fehlt eine verlässliche, kompakte Quelle, die Marktdaten und Regulierungspflichten zusammenführt, ohne dass man drei Gesetztestexte und fünf BA-Statistiken selbst auswerten muss. Wer als Niederlassungsleiter beim nächsten Audit einen AÜG-Verstoß verantworten muss, riskiert nicht nur Bußgelder, sondern die gesamte Erlaubnis.","Der Leser soll nach der Lektüre den deutschen Zeitarbeitsmarkt realistisch einordnen können, die drei häufigsten AÜG-Fallstricke kennen und verstehen, welche Software-gestützten Prozesse Compliance-Risiken dauerhaft senken.","Zeitarbeit in Deutschland 2025: Marktdaten, Regulierung und Compliance auf einen Blick","Wo steht der Zeitarbeitsmarkt heute? | Gig Economy vs. klassische Zeitarbeit: Was ist der Unterschied, was ist die Regulierungslage? | Das AÜG im Überblick: Die wichtigsten Pflichten für Verleiher | AÜG-Statistik-Meldepflicht: Was, wann und wie gemeldet werden muss | Sanktionen bei AÜG-Verstößen: Was droht wirklich? | Wie Software Compliance-Risiken strukturell reduziert | Fazit und nächste Schritte für Personaldienstleister","Branchenverband mit offiziellen Marktdaten, hohe inhaltliche Autorität bei Suchenden aus der Branche | Primärquelle für AÜG-Statistiken, direkte Konkurrenz bei informationalen Queries rund um Meldepflichten | Praxisnahe Compliance-Aufbereitung mit starker SEO-Präsenz bei gewerblichen Nutzern","https://www.igz.de/branche/statistik/ — Branchenverband mit offiziellen Marktdaten, hohe inhaltliche Autorität bei Suchenden aus der Branche | https://www.bundesagentur.de/DE/Statistik/Zeitarbeit — Primärquelle für AÜG-Statistiken, direkte Konkurrenz bei informationalen Queries rund um Meldepflichten | https://www.haufe.de/personal/haufe-personal-office-platin/aenderungen-durch-das-aenderungsgesetz-zum-aug_idesk_PI42323_HI10362xxx.html — Praxisnahe Compliance-Aufbereitung mit starker SEO-Präsenz bei gewerblichen Nutzern","Demo-Termin buchen: Zeigen Sie Ihrer Compliance-Abteilung, wie zvoove die Höchstüberlassungsdauer automatisch überwacht, Überlassungsverträge mit validierten Pflichtfeldern generiert und Statistik-Meldungen strukturiert vorbereitet, alles in einem System ohne manuelle Kontrollschleifen.",output/briefings/cluster_06.md,briefings/cluster_06.md
9,10,12,false,Gebäudereinigungs-Spezialisoftware,Building Cleaning Specialized Software,27,8467,136,40.2,39,4.35,6.7,52.0,mixed,gebäudereinigung software | disposition gebäudereinigung | auftragsverwaltung gebäudereinigung | reinigungskalkulation software | unterhaltsreinigung kalkulation,gebäudereinigung software | gebäudereinigung digitalisieren | disposition gebäudereinigung,gebäudereinigung | reinigung | zeiterfassung | kalkulation | gebäudedienstleistung | reinigungskräfte,"Gebäudereinigung Software: Disposition, Kalkulation und Zeiterfassung in einem System",gebäudereinigung software,disposition gebäudereinigung | auftragsverwaltung gebäudereinigung | reinigungskalkulation software | zeiterfassung gebäudereinigung | unterhaltsreinigung kalkulation | gebäudereinigung digitalisieren | qualitätsmanagement gebäudereinigung,"mixed, Nutzer vergleichen aktiv Softwarelösungen und suchen gleichzeitig nach Orientierung, welche Funktionen für Reinigungsbetriebe wirklich entscheidend sind.",2800,"Geschäftsführer oder Betriebsleiter eines Gebäudereinigungsunternehmens mit 20 bis 200 Mitarbeitern, der manuelle Prozesse in Disposition, Kalkulation und Abrechnung endlich ablösen will.","Kalkulationen laufen noch in Excel, Objekte werden doppelt belegt oder gar nicht besetzt, weil die Disposition auf Zuruf funktioniert. Jede Gehaltsabrechnung kostet Stunden, weil Stundenzettel unleserlich oder unvollständig ankommen. Gleichzeitig steigt der Druck durch Mindestlohnkontrollen und Dokumentationspflichten nach AEntG, und ein einziger Fehler kann teure Nachforderungen auslösen.","Der Leser soll verstehen, welche fünf Kernfunktionen eine Gebäudereinigungssoftware zwingend abdecken muss, und danach eine Demo oder ein Beratungsgespräch mit zvoove anfragen.",Gebäudereinigung Software: Was sie können muss und worauf es beim Kauf wirklich ankommt,"Warum Standard-Software für Reinigungsbetriebe nicht funktioniert | Reinigungskalkulation Software: Angebote schreiben, die tatsächlich profitabel sind | Disposition Gebäudereinigung: Objekte besetzen, Ausfälle managen, Kosten kontrollieren | Zeiterfassung Gebäudereinigung: Mobil, manipulationssicher, revisionsfest | Auftragsverwaltung Gebäudereinigung: Vom Angebot bis zur Rechnung ohne Systemwechsel | Qualitätsmanagement Gebäudereinigung: Kontrollen dokumentieren, Zertifizierungen unterstützen | Softwareeinführung Reinigungsfirma: So gelingt der Wechsel ohne Betriebsunterbrechung","direkter Wettbewerber mit branchenspezifischer Landingpage, zeigt welche Funktionen Interessenten als Tabelle erwarten | redaktioneller Ratgeberartikel mit hohem informationalem Traffic, schwach bei kommerziellem CTA | SAP-naher Content, zeigt Suchintention von mittelständischen Betrieben die Systemintegration suchen","https://www.winkler-software.de/branchenloesungen/gebaeudereinigung — direkter Wettbewerber mit branchenspezifischer Landingpage, zeigt welche Funktionen Interessenten als Tabelle erwarten | https://www.scopevisio.com/ratgeber/gebaeudereinigung-software — redaktioneller Ratgeberartikel mit hohem informationalem Traffic, schwach bei kommerziellem CTA | https://www.espresso-tutorials.de/topics/gebaeudereinigung-branche — SAP-naher Content, zeigt Suchintention von mittelständischen Betrieben die Systemintegration suchen","Demo von zvoove für Gebäudereinigungsbetriebe anfragen: 30 Minuten Live-Demo mit eigenem Objektbeispiel, direkt im Artikel als Button verlinkt.",output/briefings/cluster_10.md,briefings/cluster_10.md
0,1,13,false,Factoring Buchhaltung und Genehmigung,Factoring Accounting and Licensing,15,3516,161,35.7,39,3.23,8.4,27.0,mixed,factoring buchen | factoring erlaubnis | offenes factoring | echtes factoring | factoring kfw,factoring buchen | factoring erlaubnis | echtes factoring,factoring | online | buchen | erlaubnis | offenes | echtes,"Factoring in der Zeitarbeit: Buchen, Genehmigung und Anbieter im Vergleich",factoring buchen,factoring erlaubnis | offenes factoring | stilles factoring | echtes factoring | unechtes factoring | factoring vergleich anbieter | factoring online beantragen,"mixed, der Nutzer will Factoring sowohl buchhalterisch korrekt abbilden als auch den passenden Anbieter finden und rechtliche Anforderungen verstehen.",2500,"Geschäftsführer oder kaufmännischer Leiter eines Zeitarbeitsunternehmens mit 10 bis 100 Mitarbeitern, der Liquiditätslücken zwischen Lohnauszahlung und Kundenzahlung schließen will.","Zeitarbeitsunternehmen zahlen Löhne wöchentlich oder vierzehntägig, während Kundenzahlungsziele von 30 bis 60 Tagen die Kasse dauerhaft belasten. Die korrekte Verbuchung von Factoring-Transaktionen ist fehleranfällig und führt immer wieder zu Rückfragen vom Steuerberater. Dazu kommt Unsicherheit, ob man überhaupt eine BaFin-Erlaubnis oder eine KfW-Förderung nutzen kann.","Der Leser soll nach dem Lesen die drei gängigen Factoring-Varianten unterscheiden können, wissen wie er sie korrekt bucht, und in der Lage sein, einen passenden Anbieter auszuwählen oder direkt online zu beantragen.","Factoring in der Zeitarbeit: Buchen, Genehmigung und die richtigen Anbieter",Warum Factoring für Zeitarbeitsunternehmen besonders relevant ist | Die drei wichtigsten Factoring-Varianten im Überblick | Factoring korrekt buchen: Schritt für Schritt | Factoring-Erlaubnis: Was ist rechtlich zu beachten? | Factoring-Anbieter vergleichen: Worauf kommt es wirklich an? | Factoring und Zeitarbeitssoftware: Wo die Integration ansetzt,"praxisnahe Buchungsbeispiele mit konkreten Konten, hohe Relevanz für ""factoring buchen"" | Marktführer-Domain mit breitem Informationsangebot zu allen Varianten, stark bei informationalen Keywords | Steuerberater-Zielgruppe, rankt für buchhalterische Detailfragen, zeigt welchen Tiefgang Google hier erwartet","https://www.iww.de/bbp/aktuell/factoring-factoring-richtig-buchen-f120614 — praxisnahe Buchungsbeispiele mit konkreten Konten, hohe Relevanz für ""factoring buchen"" | https://www.factoring.de/factoring-wissen/factoring-varianten/ — Marktführer-Domain mit breitem Informationsangebot zu allen Varianten, stark bei informationalen Keywords | https://www.haufe.de/finance/buchfuehrung-kontierung/factoring_haufe-finance-office-premium_PI2_t8_i18538.html — Steuerberater-Zielgruppe, rankt für buchhalterische Detailfragen, zeigt welchen Tiefgang Google hier erwartet","Demo von zvoove buchen und live sehen, wie die Software Ausgangsrechnungen automatisiert an den Factor übergibt und Buchungsbelege ohne manuelle Nacharbeit erzeugt.",output/briefings/cluster_01.md,briefings/cluster_01.md
